Image_Metadata_Well,CNfrac_akt.ncells,CNfrac_akt.mn,CNfrac_akt.sd,comp.conc,well.type,Col,Row,npi,zscore
A001,174,1.07976,0.266869,A1_10uM,compound,1,A,0.984319,0.449979
A002,338,1.11507,0.298187,A2_10uM,compound,2,A,1.05724,0.832046
A003,131,1.10851,0.288105,A3_10uM,compound,3,A,1.0437,0.761102
A004,172,1.09784,0.272079,A4_10uM,compound,4,A,1.02166,0.645631
A005,199,1.13984,0.290544,A5_10uM,compound,5,A,1.10839,1.10005
A006,340,1.09973,0.257825,A6_10uM,compound,6,A,1.02556,0.666048
A007,222,0.952222,0.272167,A7_10uM,compound,7,A,0.720892,-0.930218
A008,281,1.08216,0.306553,A8_10uM,compound,8,A,0.989262,0.475876
A009,265,1.04197,0.264957,A9_10uM,compound,9,A,0.90626,0.0409961
A010,229,1.10692,0.277022,A10_10uM,compound,10,A,1.04041,0.743875
A011,240,1.03859,0.274156,A11_10uM,compound,11,A,0.899284,0.00444997
A012,308,1.1031,0.278239,A12_10uM,compound,12,A,1.03251,0.70247
A013,167,1.09449,0.296344,A13_10uM,compound,13,A,1.01473,0.609327
A014,354,1.09478,0.280032,A14_10uM,compound,14,A,1.01534,0.61249
A015,229,1.04558,0.286233,A15_10uM,compound,15,A,0.913707,0.0800182
A016,258,1.07899,0.272801,A16_10uM,compound,16,A,0.982727,0.441641
A017,255,0.851256,0.238759,A17_10uM,compound,17,A,0.512356,-2.02282
A018,328,0.979919,0.293403,A18_10uM,compound,18,A,0.778099,-0.630486
A019,322,1.04114,0.291887,A19_10uM,compound,19,A,0.904535,0.0319628
A020,267,1.02611,0.282208,A20_10uM,compound,20,A,0.873503,-0.130627
A021,396,1.05115,0.286965,A21_10uM,compound,21,A,0.925221,0.140343
A022,319,1.01975,0.284409,A22_10uM,compound,22,A,0.860369,-0.199444
A023,148,0.616521,0.193863,GDC0941_1uM,pos.akt,23,A,0.0275343,-4.56299
A024,238,1.03539,0.28748,DMSO_1E-3,neg,24,A,0.892675,-0.0301777
B001,92,1.13623,0.313524,B1_10uM,compound,1,B,1.10093,1.06098
B002,252,1.10781,0.278623,B2_10uM,compound,2,B,1.04224,0.753439
B003,66,1.12913,0.268312,B3_10uM,compound,3,B,1.08629,0.984245
B004,189,0.90384,0.270328,B4_10uM,compound,4,B,0.620965,-1.45378
B005,153,1.18397,0.269419,B5_10uM,compound,5,B,1.19954,1.57762
B006,138,1.00954,0.261686,B6_10uM,compound,6,B,0.839277,-0.309951
B007,216,0.943437,0.27351,B7_10uM,compound,7,B,0.702749,-1.02528
B008,172,1.04318,0.280303,B8_10uM,compound,8,B,0.908768,0.0541407
B009,185,1.08127,0.248957,B9_10uM,compound,9,B,0.987439,0.466326
B010,238,0.91304,0.268484,B10_10uM,compound,10,B,0.639967,-1.35422
B011,204,1.12306,0.255835,B11_10uM,compound,11,B,1.07374,0.918474
B012,217,1.05614,0.275733,B12_10uM,compound,12,B,0.93553,0.194355
B013,297,0.926526,0.258029,B13_10uM,compound,13,B,0.66782,-1.20828
B014,191,1.04629,0.304122,B14_10uM,compound,14,B,0.915173,0.0876968
B015,222,1.13045,0.29125,B15_10uM,compound,15,B,1.08901,0.998474
B016,231,1.09868,0.267571,B16_10uM,compound,16,B,1.02339,0.654674
B017,290,0.955316,0.265102,B17_10uM,compound,17,B,0.727283,-0.896731
B018,148,1.04689,0.269709,B18_10uM,compound,18,B,0.916421,0.0942355
B019,310,0.872759,0.233953,B19_10uM,compound,19,B,0.55677,-1.79012
B020,191,1.03279,0.27479,B20_10uM,compound,20,B,0.887303,-0.0583248
B021,191,0.954932,0.289452,B21_10uM,compound,21,B,0.726491,-0.900883
B022,153,1.01143,0.283377,B22_10uM,compound,22,B,0.843185,-0.289476
B023,142,0.6179,0.186003,GDC0941_1uM,pos.akt,23,B,0.0303818,-4.54807
B024,150,1.07954,0.280271,DMSO_1E-3,neg,24,B,0.983849,0.447515
C001,141,1.12348,0.326077,C1_10uM,compound,1,C,1.07461,0.92303
C002,185,1.11953,0.24573,C2_10uM,compound,2,C,1.06644,0.880268
C003,124,1.08274,0.286156,C3_10uM,compound,3,C,0.990472,0.48222
C004,225,1.09111,0.286999,C4_10uM,compound,4,C,1.00775,0.572739
C005,155,1.10845,0.258382,C5_10uM,compound,5,C,1.04357,0.76041
C006,206,1.08952,0.233745,C6_10uM,compound,6,C,1.00447,0.555537
C007,169,1.122,0.24165,C7_10uM,compound,7,C,1.07156,0.907069
C008,236,1.14569,0.240471,C8_10uM,compound,8,C,1.12049,1.16342
C009,201,1.07698,0.251415,C9_10uM,compound,9,C,0.978575,0.419887
C010,313,1.09748,0.282509,C10_10uM,compound,10,C,1.02091,0.641682
C011,262,1.06659,0.284928,C11_10uM,compound,11,C,0.957112,0.307434
C012,245,1.06588,0.258173,C12_10uM,compound,12,C,0.955637,0.299705
C013,164,1.05864,0.250147,C13_10uM,compound,13,C,0.940685,0.221364
C014,232,1.09858,0.274804,C14_10uM,compound,14,C,1.02319,0.653632
C015,187,1.01909,0.252901,C15_10uM,compound,15,C,0.859012,-0.206551
C016,190,1.13501,0.246523,C16_10uM,compound,16,C,1.09843,1.04787
C017,169,0.978984,0.267158,C17_10uM,compound,17,C,0.776168,-0.640607
C018,204,1.11646,0.298088,C18_10uM,compound,18,C,1.06012,0.847111
C019,212,1.04964,0.254698,C19_10uM,compound,19,C,0.922096,0.123969
C020,243,1.14817,0.286464,C20_10uM,compound,20,C,1.1256,1.19021
C021,209,1.03936,0.275591,C21_10uM,compound,21,C,0.90086,0.0127066
C022,154,1.08121,0.284832,C22_10uM,compound,22,C,0.987312,0.465661
C023,127,0.582759,0.162709,GDC0941_1uM,pos.akt,23,C,-0.0421984,-4.92835
C024,151,1.13228,0.285535,DMSO_1E-3,neg,24,C,1.09278,1.01826
D001,153,1.11984,0.271205,D1_10uM,compound,1,D,1.06709,0.883628
D002,257,0.975984,0.247392,D2_10uM,compound,2,D,0.769972,-0.673068
D003,171,1.11621,0.261642,D3_10uM,compound,3,D,1.0596,0.844421
D004,133,1.11852,0.294166,D4_10uM,compound,4,D,1.06436,0.869358
D005,132,1.14729,0.269449,D5_10uM,compound,5,D,1.12378,1.18068
D006,196,1.05956,0.269607,D6_10uM,compound,6,D,0.942583,0.231307
D007,51,1.19129,0.269104,D7_10uM,compound,7,D,1.21467,1.65689
D008,194,1.09008,0.247721,D8_10uM,compound,8,D,1.00562,0.561606
D009,262,1.03928,0.237168,D9_10uM,compound,9,D,0.900706,0.0119003
D010,286,0.983004,0.255218,D10_10uM,compound,10,D,0.78447,-0.597106
D011,263,1.09719,0.281032,D11_10uM,compound,11,D,1.02031,0.638562
D012,266,1.04936,0.26445,D12_10uM,compound,12,D,0.921529,0.121001
D013,192,1.06512,0.257685,D13_10uM,compound,13,D,0.95407,0.291492
D014,315,0.942974,0.258418,D14_10uM,compound,14,D,0.701791,-1.03029
D015,328,1.13921,0.329283,D15_10uM,compound,15,D,1.10711,1.09331
D016,160,1.00641,0.26804,D16_10uM,compound,16,D,0.832813,-0.343818
D017,245,1.08924,0.270709,D17_10uM,compound,17,D,1.00389,0.552508
D018,256,1.05015,0.266611,D18_10uM,compound,18,D,0.923156,0.129525
D019,241,1.12242,0.26454,D19_10uM,compound,19,D,1.07242,0.911573
D020,193,1.0221,0.256168,D20_10uM,compound,20,D,0.865229,-0.173979
D021,230,1.1213,0.261342,D21_10uM,compound,21,D,1.07012,0.8995
D022,196,1.0552,0.231013,D22_10uM,compound,22,D,0.933586,0.18417
D023,105,0.62085,0.171266,GDC0941_1uM,pos.akt,23,D,0.0364756,-4.51615
D024,105,1.01116,0.309818,DMSO_1E-3,neg,24,D,0.842625,-0.292409
E001,221,1.09091,0.272229,E1_10uM,compound,1,E,1.00733,0.570568
E002,461,0.862379,0.25173,E2_10uM,compound,2,E,0.535331,-1.90245
E003,262,1.04707,0.272405,E3_10uM,compound,3,E,0.916785,0.0961412
E004,292,1.10622,0.252271,E4_10uM,compound,4,E,1.03896,0.736245
E005,229,1.11242,0.260284,E5_10uM,compound,5,E,1.05176,0.80335
E006,330,1.07384,0.272367,E6_10uM,compound,6,E,0.972085,0.38588
E007,307,1.12494,0.26107,E7_10uM,compound,7,E,1.07762,0.938842
E008,346,1.02558,0.241498,E8_10uM,compound,8,E,0.872406,-0.136377
E009,261,1.04834,0.258664,E9_10uM,compound,9,E,0.919416,0.109925
E010,210,1.03581,0.270708,E10_10uM,compound,10,E,0.89354,-0.0256486
E011,384,1.13027,0.266835,E11_10uM,compound,11,E,1.08864,0.996583
E012,375,1.09807,0.27113,E12_10uM,compound,12,E,1.02213,0.648104
E013,445,1.06298,0.25598,E13_10uM,compound,13,E,0.949646,0.268315
E014,464,1.03117,0.264583,E14_10uM,compound,14,E,0.883953,-0.0758776
E015,398,1.09931,0.259839,E15_10uM,compound,15,E,1.02468,0.661454
E016,291,1.03805,0.257116,E16_10uM,compound,16,E,0.898164,-0.00141914
E017,218,1.09511,0.28041,E17_10uM,compound,17,E,1.01601,0.616017
E018,288,1.03347,0.238152,E18_10uM,compound,18,E,0.888701,-0.0509994
E019,251,1.02699,0.242012,E19_10uM,compound,19,E,0.875319,-0.121113
E020,328,1.07481,0.293993,E20_10uM,compound,20,E,0.974084,0.396356
E021,302,0.946136,0.274831,E21_10uM,compound,21,E,0.708324,-0.996068
E022,288,1.00361,0.276945,E22_10uM,compound,22,E,0.827033,-0.374102
E023,164,0.587647,0.172318,GDC0941_1uM,pos.akt,23,E,-0.0321021,-4.87545
E024,239,1.11761,0.266775,DMSO_1E-3,neg,24,E,1.06249,0.859571
F001,223,0.663474,0.17592,F1_10uM,compound,1,F,0.124511,-4.05489
F002,309,0.995173,0.282048,F2_10uM,compound,2,F,0.809604,-0.46542
F003,228,1.14157,0.252936,F3_10uM,compound,3,F,1.11198,1.11884
F004,336,1.06053,0.287472,F4_10uM,compound,4,F,0.944583,0.241788
F005,267,1.11661,0.254772,F5_10uM,compound,5,F,1.06041,0.848672
F006,297,1.09983,0.257852,F6_10uM,compound,6,F,1.02577,0.667172
F007,330,1.09947,0.272277,F7_10uM,compound,7,F,1.02502,0.663234
F008,339,1.02837,0.254734,F8_10uM,compound,8,F,0.878173,-0.106162
F009,316,1.0604,0.250482,F9_10uM,compound,9,F,0.944317,0.240394
F010,218,0.960857,0.233879,F10_10uM,compound,10,F,0.738727,-0.836773
F011,320,1.01804,0.259089,F11_10uM,compound,11,F,0.856826,-0.218008
F012,310,0.886247,0.225655,F12_10uM,compound,12,F,0.584628,-1.64416
F013,362,1.07772,0.255171,F13_10uM,compound,13,F,0.980105,0.427902
F014,338,1.02012,0.259028,F14_10uM,compound,14,F,0.861125,-0.195482
F015,402,1.16828,0.37629,F15_10uM,compound,15,F,1.16714,1.40787
F016,302,0.716364,0.215934,F16_10uM,compound,16,F,0.233751,-3.48255
F017,247,1.03577,0.245189,F17_10uM,compound,17,F,0.893456,-0.0260876
F018,328,0.994834,0.267833,F18_10uM,compound,18,F,0.808905,-0.469083
F019,247,1.03134,0.263244,F19_10uM,compound,19,F,0.884311,-0.0740005
F020,264,0.949657,0.259088,F20_10uM,compound,20,F,0.715596,-0.957966
F021,177,0.452856,0.135102,F21_10uM,compound,21,F,-0.310502,-6.3341
F022,301,0.921779,0.265249,F22_10uM,compound,22,F,0.658016,-1.25965
F023,202,0.607765,0.195606,GDC0941_1uM,pos.akt,23,F,0.00944953,-4.65775
F024,217,1.13365,0.258414,DMSO_1E-3,neg,24,F,1.09562,1.03312
G001,294,0.998164,0.274337,G1_10uM,compound,1,G,0.815782,-0.433054
G002,424,0.98692,0.279361,G2_10uM,compound,2,G,0.792559,-0.554726
G003,313,1.11523,0.265416,G3_10uM,compound,3,G,1.05758,0.83381
G004,434,1.05034,0.301863,G4_10uM,compound,4,G,0.923541,0.131541
G005,294,1.09886,0.260325,G5_10uM,compound,5,G,1.02375,0.656585
G006,254,1.10251,0.27327,G6_10uM,compound,6,G,1.03129,0.696087
G007,377,1.1006,0.267811,G7_10uM,compound,7,G,1.02735,0.675424
G008,529,1.07067,0.267894,G8_10uM,compound,8,G,0.965536,0.351568
G009,375,1.02504,0.254903,G9_10uM,compound,9,G,0.871288,-0.142231
G010,312,1.06663,0.257689,G10_10uM,compound,10,G,0.957191,0.307847
G011,524,1.00847,0.256697,G11_10uM,compound,11,G,0.837058,-0.321578
G012,430,1.03767,0.255834,G12_10uM,compound,12,G,0.897376,-0.00554931
G013,408,1.06157,0.254534,G13_10uM,compound,13,G,0.946741,0.253095
G014,568,1.07966,0.25473,G14_10uM,compound,14,G,0.984108,0.448872
G015,448,1.12438,0.249741,G15_10uM,compound,15,G,1.07648,0.932838
G016,346,1.05416,0.270021,G16_10uM,compound,16,G,0.931447,0.172961
G017,341,1.08995,0.257894,G17_10uM,compound,17,G,1.00535,0.560176
G018,213,1.01457,0.266578,G18_10uM,compound,18,G,0.849662,-0.255539
G019,254,1.08263,0.264352,G19_10uM,compound,19,G,0.99024,0.481001
G020,291,0.971106,0.277384,G20_10uM,compound,20,G,0.759896,-0.725863
G021,198,1.03391,0.298124,G21_10uM,compound,21,G,0.889622,-0.0461743
G022,358,1.09264,0.276119,G22_10uM,compound,22,G,1.01091,0.589311
G023,246,0.594642,0.171303,GDC0941_1uM,pos.akt,23,G,-0.017655,-4.79976
G024,277,1.11261,0.289859,DMSO_1E-3,neg,24,G,1.05215,0.805383
H001,239,1.11827,0.265162,H1_10uM,compound,1,H,1.06384,0.866639
H002,268,0.87062,0.266208,H2_10uM,compound,2,H,0.552352,-1.81327
H003,376,1.09169,0.254573,H3_10uM,compound,3,H,1.00894,0.579001
H004,314,1.09364,0.278145,H4_10uM,compound,4,H,1.01297,0.600095
H005,312,1.06934,0.23742,H5_10uM,compound,5,H,0.962794,0.337201
H006,413,1.13335,0.281947,H6_10uM,compound,6,H,1.09499,1.02981
H007,303,1.0964,0.257891,H7_10uM,compound,7,H,1.01868,0.63
H008,334,1.01496,0.293309,H8_10uM,compound,8,H,0.850465,-0.251333
H009,277,1.05441,0.271649,H9_10uM,compound,9,H,0.931958,0.175641
H010,376,1.00153,0.276842,H10_10uM,compound,10,H,0.822725,-0.396675
H011,309,1.04316,0.251922,H11_10uM,compound,11,H,0.908719,0.0538797
H012,323,0.972596,0.253769,H12_10uM,compound,12,H,0.762974,-0.709736
H013,295,1.0823,0.280304,H13_10uM,compound,13,H,0.989562,0.477453
H014,320,1.02344,0.281099,H14_10uM,compound,14,H,0.867988,-0.159521
H015,293,1.06552,0.288351,H15_10uM,compound,15,H,0.954908,0.295885
H016,288,1.08973,0.24775,H16_10uM,compound,16,H,1.0049,0.557812
H017,273,1.08056,0.27444,H17_10uM,compound,17,H,0.985962,0.458587
H018,246,0.91364,0.20639,H18_10uM,compound,18,H,0.641206,-1.34773
H019,307,0.993673,0.254759,H19_10uM,compound,19,H,0.806507,-0.481647
H020,256,0.980935,0.258047,H20_10uM,compound,20,H,0.780196,-0.619498
H021,253,0.875849,0.25498,H21_10uM,compound,21,H,0.563152,-1.75668
H022,298,0.780495,0.228569,H22_10uM,compound,22,H,0.366208,-2.78855
H023,110,0.597435,0.187415,GDC0941_1uM,pos.akt,23,H,-0.011886,-4.76953
H024,256,1.13206,0.270063,DMSO_1E-3,neg,24,H,1.09234,1.01594
I001,222,1.12745,0.296357,I1_10uM,compound,1,I,1.08281,0.965999
I002,453,1.11829,0.285503,I2_10uM,compound,2,I,1.0639,0.866927
I003,291,1.1082,0.269837,I3_10uM,compound,3,I,1.04305,0.757693
I004,231,1.03037,0.26951,I4_10uM,compound,4,I,0.882292,-0.084581
I005,298,1.11011,0.27886,I5_10uM,compound,5,I,1.04699,0.778359
I006,304,1.04408,0.278921,I6_10uM,compound,6,I,0.910624,0.0638624
I007,307,1.09201,0.271135,I7_10uM,compound,7,I,1.00961,0.582505
I008,408,1.10609,0.253788,I8_10uM,compound,8,I,1.03868,0.73482
I009,275,1.05229,0.275026,I9_10uM,compound,9,I,0.927583,0.152718
I010,416,1.0535,0.284378,I10_10uM,compound,10,I,0.930083,0.165814
I011,354,1.06216,0.295327,I11_10uM,compound,11,I,0.947961,0.259488
I012,409,1.05407,0.254142,I12_10uM,compound,12,I,0.931252,0.171939
I013,438,0.946279,0.255915,I13_10uM,compound,13,I,0.708619,-0.994524
I014,358,1.0361,0.253061,I14_10uM,compound,14,I,0.894135,-0.0225304
I015,270,1.08839,0.257413,I15_10uM,compound,15,I,1.00214,0.543371
I016,355,1.07496,0.262614,I16_10uM,compound,16,I,0.974398,0.398002
I017,374,0.837108,0.263704,I17_10uM,compound,17,I,0.483135,-2.17592
I018,301,1.08655,0.252429,I18_10uM,compound,18,I,0.998334,0.523409
I019,356,1.08077,0.257387,I19_10uM,compound,19,I,0.986405,0.460912
I020,341,1.0476,0.272539,I20_10uM,compound,20,I,0.917897,0.10197
I021,253,1.12371,0.278539,I21_10uM,compound,21,I,1.07509,0.925589
I022,297,1.0426,0.268736,I22_10uM,compound,22,I,0.907552,0.0477658
I023,267,0.814256,0.184018,Cobimetinib_200nM,pos.erk,23,I,0.435938,-2.42321
I024,224,1.11382,0.279141,DMSO_1E-3,neg,24,I,1.05467,0.818557
J001,323,1.05343,0.286664,J1_10uM,compound,1,J,0.929939,0.165061
J002,365,1.03601,0.295763,J2_10uM,compound,2,J,0.893955,-0.0234747
J003,283,1.12871,0.279017,J3_10uM,compound,3,J,1.08542,0.979694
J004,276,1.0244,0.280972,J4_10uM,compound,4,J,0.86996,-0.149192
J005,295,1.05779,0.274605,J5_10uM,compound,5,J,0.938933,0.212183
J006,419,0.991169,0.259232,J6_10uM,compound,6,J,0.801334,-0.508752
J007,305,1.08124,0.266533,J7_10uM,compound,7,J,0.987358,0.465904
J008,280,0.990228,0.261616,J8_10uM,compound,8,J,0.799391,-0.518932
J009,345,1.08284,0.25537,J9_10uM,compound,9,J,0.990665,0.483232
J010,356,1.05241,0.271406,J10_10uM,compound,10,J,0.927831,0.154018
J011,280,1.07325,0.277284,J11_10uM,compound,11,J,0.970858,0.379453
J012,384,1.03536,0.274912,J12_10uM,compound,12,J,0.892609,-0.030526
J013,405,0.904903,0.246061,J13_10uM,compound,13,J,0.62316,-1.44228
J014,297,0.967515,0.26351,J14_10uM,compound,14,J,0.75248,-0.764718
J015,123,0.915673,0.25772,J15_10uM,compound,15,J,0.645404,-1.32573
J016,336,0.934073,0.26314,J16_10uM,compound,16,J,0.683408,-1.12661
J017,314,1.10339,0.263132,J17_10uM,compound,17,J,1.03311,0.705597
J018,349,1.12198,0.274771,J18_10uM,compound,18,J,1.07152,0.906846
J019,232,1.06067,0.266215,J19_10uM,compound,19,J,0.94489,0.243396
J020,275,1.05455,0.27799,J20_10uM,compound,20,J,0.932246,0.177149
J021,231,1.08766,0.234934,J21_10uM,compound,21,J,1.00062,0.5354
J022,287,1.05664,0.257079,J22_10uM,compound,22,J,0.93656,0.199749
J023,272,0.780108,0.182663,Cobimetinib_200nM,pos.erk,23,J,0.365408,-2.79274
J024,232,1.10702,0.291746,DMSO_1E-3,neg,24,J,1.04062,0.744985
K001,263,1.10618,0.290087,K1_10uM,compound,1,K,1.03888,0.735865
K002,507,1.10438,0.274669,K2_10uM,compound,2,K,1.03517,0.716405
K003,444,1.12389,0.287225,K3_10uM,compound,3,K,1.07546,0.927516
K004,273,0.963817,0.277391,K4_10uM,compound,4,K,0.744841,-0.804737
K005,320,1.05018,0.239329,K5_10uM,compound,5,K,0.923224,0.129881
K006,394,1.02453,0.273563,K6_10uM,compound,6,K,0.870248,-0.147685
K007,317,1.10345,0.263339,K7_10uM,compound,7,K,1.03325,0.706349
K008,443,1.10241,0.26461,K8_10uM,compound,8,K,1.0311,0.695088
K009,373,1.13221,0.262913,K9_10uM,compound,9,K,1.09264,1.0175
K010,395,1.11832,0.408082,K10_10uM,compound,10,K,1.06395,0.867199
K011,456,1.04956,0.270143,K11_10uM,compound,11,K,0.921929,0.123096
K012,471,0.987786,0.263551,K12_10uM,compound,12,K,0.794346,-0.545361
K013,533,1.12892,0.262885,K13_10uM,compound,13,K,1.08585,0.981938
K014,514,1.05427,0.266599,K14_10uM,compound,14,K,0.931674,0.174152
K015,347,1.11696,0.250752,K15_10uM,compound,15,K,1.06115,0.852545
K016,289,1.11094,0.27066,K16_10uM,compound,16,K,1.0487,0.787314
K017,311,1.0298,0.252109,K17_10uM,compound,17,K,0.881117,-0.0907358
K018,462,1.01367,0.267625,K18_10uM,compound,18,K,0.847799,-0.265305
K019,358,1.10939,0.274284,K19_10uM,compound,19,K,1.04552,0.770623
K020,269,1.10048,0.267818,K20_10uM,compound,20,K,1.02712,0.674212
K021,272,1.08577,0.249728,K21_10uM,compound,21,K,0.996729,0.515003
K022,210,1.0596,0.254854,K22_10uM,compound,22,K,0.942666,0.231746
K023,361,0.805775,0.185038,Cobimetinib_200nM,pos.erk,23,K,0.41842,-2.51499
K024,304,1.0679,0.277769,DMSO_1E-3,neg,24,K,0.959823,0.321636
L001,226,1.08682,0.266526,L1_10uM,compound,1,L,0.998903,0.52639
L002,352,0.857908,0.247232,L2_10uM,compound,2,L,0.526095,-1.95083
L003,243,1.0956,0.26217,L3_10uM,compound,3,L,1.01704,0.621404
L004,297,1.01273,0.299998,L4_10uM,compound,4,L,0.845873,-0.275391
L005,326,1.07512,0.272921,L5_10uM,compound,5,L,0.974735,0.399767
L006,399,1.00549,0.258305,L6_10uM,compound,6,L,0.83091,-0.35379
L007,315,1.10346,0.281239,L7_10uM,compound,7,L,1.03325,0.706356
L008,469,1.04954,0.256389,L8_10uM,compound,8,L,0.9219,0.122945
L009,348,1.0818,0.280449,L9_10uM,compound,9,L,0.988517,0.471974
L010,363,0.903589,0.278716,L10_10uM,compound,10,L,0.620445,-1.4565
L011,258,1.0687,0.246983,L11_10uM,compound,11,L,0.961473,0.33028
L012,307,0.978879,0.260398,L12_10uM,compound,12,L,0.77595,-0.641747
L013,417,1.10511,0.262253,L13_10uM,compound,13,L,1.03666,0.724237
L014,382,1.04877,0.264047,L14_10uM,compound,14,L,0.920306,0.114591
L015,21,0.93298,0.239539,L15_10uM,compound,15,L,0.681151,-1.13844
L016,220,0.593062,0.168845,L16_10uM,compound,16,L,-0.0209188,-4.81686
L017,237,1.08135,0.258395,L17_10uM,compound,17,L,0.987585,0.467091
L018,282,1.09253,0.292724,L18_10uM,compound,18,L,1.0107,0.588179
L019,185,1.14056,0.26648,L19_10uM,compound,19,L,1.1099,1.10794
L020,305,1.05993,0.273282,L20_10uM,compound,20,L,0.94335,0.23533
L021,256,1.1099,0.274803,L21_10uM,compound,21,L,1.04657,0.776126
L022,320,1.06528,0.26769,L22_10uM,compound,22,L,0.9544,0.293221
L023,371,0.806947,0.199541,Cobimetinib_200nM,pos.erk,23,L,0.42084,-2.50231
L024,290,1.11562,0.263053,DMSO_1E-3,neg,24,L,1.05837,0.837961
M001,234,1.0897,0.249128,M1_10uM,compound,1,M,1.00484,0.557514
M002,365,0.98912,0.259262,M2_10uM,compound,2,M,0.797103,-0.530917
M003,192,1.129,0.291802,M3_10uM,compound,3,M,1.08602,0.98284
M004,344,1.12258,0.267896,M4_10uM,compound,4,M,1.07275,0.913331
M005,193,1.12347,0.2733,M5_10uM,compound,5,M,1.07459,0.922944
M006,100,0.993378,0.27088,M6_10uM,compound,6,M,0.805898,-0.48484
M007,267,1.04978,0.282721,M7_10uM,compound,7,M,0.92239,0.125511
M008,513,1.12414,0.272733,M8_10uM,compound,8,M,1.07597,0.93018
M009,534,1.05717,0.352951,M9_10uM,compound,9,M,0.937644,0.205433
M010,387,1.05797,0.26614,M10_10uM,compound,10,M,0.939306,0.214137
M011,441,1.09571,0.255057,M11_10uM,compound,11,M,1.01725,0.622523
M012,429,1.0852,0.267188,M12_10uM,compound,12,M,0.995541,0.508777
M013,369,1.09884,0.268787,M13_10uM,compound,13,M,1.02372,0.656428
M014,388,0.966796,0.28175,M14_10uM,compound,14,M,0.750995,-0.772495
M015,328,1.07271,0.240697,M15_10uM,compound,15,M,0.969759,0.373696
M016,289,1.10388,0.284529,M16_10uM,compound,16,M,1.03412,0.710921
M017,322,0.95367,0.286185,M17_10uM,compound,17,M,0.723885,-0.914539
M018,324,1.14052,0.26958,M18_10uM,compound,18,M,1.10981,1.10745
M019,276,1.11255,0.267297,M19_10uM,compound,19,M,1.05204,0.804779
M020,304,1.0217,0.250779,M20_10uM,compound,20,M,0.864384,-0.178405
M021,235,0.9997,0.269501,M21_10uM,compound,21,M,0.818954,-0.416432
M022,279,1.1136,0.297907,M22_10uM,compound,22,M,1.05421,0.816178
M023,361,0.821257,0.185166,Cobimetinib_200nM,pos.erk,23,M,0.450396,-2.34745
M024,262,1.08414,0.255348,DMSO_1E-3,neg,24,M,0.993351,0.497304
N001,305,1.08938,0.291157,N1_10uM,compound,1,N,1.00418,0.554032
N002,374,1.06619,0.26269,N2_10uM,compound,2,N,0.956273,0.303039
N003,210,0.828809,0.282445,N3_10uM,compound,3,N,0.465994,-2.26573
N004,317,0.95013,0.268623,N4_10uM,compound,4,N,0.716573,-0.952847
N005,255,0.981421,0.247018,N5_10uM,compound,5,N,0.7812,-0.614239
N006,127,1.07884,0.276298,N6_10uM,compound,6,N,0.982416,0.440012
N007,246,0.983322,0.226182,N7_10uM,compound,7,N,0.785127,-0.593667
N008,369,1.08729,0.264603,N8_10uM,compound,8,N,0.999858,0.531393
N009,306,1.06437,0.286647,N9_10uM,compound,9,N,0.952517,0.283358
N010,261,0.944059,0.270119,N10_10uM,compound,10,N,0.704033,-1.01855
N011,335,1.11438,0.262549,N11_10uM,compound,11,N,1.05581,0.824525
N012,354,1.0831,0.281582,N12_10uM,compound,12,N,0.991207,0.486069
N013,350,1.08098,0.27123,N13_10uM,compound,13,N,0.986835,0.463163
N014,289,1.07166,0.258206,N14_10uM,compound,14,N,0.967585,0.362302
N015,176,1.05137,0.233912,N15_10uM,compound,15,N,0.925672,0.142707
N016,342,0.95615,0.263691,N16_10uM,compound,16,N,0.729005,-0.887709
N017,319,0.960233,0.224512,N17_10uM,compound,17,N,0.737439,-0.843524
N018,258,0.978995,0.25239,N18_10uM,compound,18,N,0.77619,-0.640489
N019,253,0.939662,0.239874,N19_10uM,compound,19,N,0.694951,-1.06613
N020,325,1.08233,0.279262,N20_10uM,compound,20,N,0.989613,0.477715
N021,261,0.993206,0.239932,N21_10uM,compound,21,N,0.805543,-0.4867
N022,267,1.08902,0.256724,N22_10uM,compound,22,N,1.00344,0.550148
N023,385,0.818097,0.197472,Cobimetinib_200nM,pos.erk,23,N,0.44387,-2.38164
N024,226,1.07365,0.2513,DMSO_1E-3,neg,24,N,0.971701,0.383869
O001,367,1.12366,0.254517,O1_10uM,compound,1,O,1.07497,0.924953
O002,393,1.0367,0.273011,O2_10uM,compound,2,O,0.895383,-0.0159882
O003,315,1.04463,0.288797,O3_10uM,compound,3,O,0.911752,0.0697749
O004,371,1.02523,0.264869,O4_10uM,compound,4,O,0.871685,-0.140155
O005,347,1.02146,0.239221,O5_10uM,compound,5,O,0.863906,-0.180911
O006,382,1.10931,0.255157,O6_10uM,compound,6,O,1.04535,0.769763
O007,390,1.07928,0.249125,O7_10uM,compound,7,O,0.983325,0.444775
O008,447,1.07585,0.279052,O8_10uM,compound,8,O,0.976242,0.407659
O009,402,1.08466,0.282102,O9_10uM,compound,9,O,0.99444,0.503008
O010,368,0.916262,0.259286,O10_10uM,compound,10,O,0.64662,-1.31936
O011,282,1.07878,0.304317,O11_10uM,compound,11,O,0.982282,0.439308
O012,304,1.08295,0.267866,O12_10uM,compound,12,O,0.990893,0.484423
O013,416,0.974011,0.276622,O13_10uM,compound,13,O,0.765896,-0.694424
O014,338,1.03685,0.282386,O14_10uM,compound,14,O,0.895685,-0.0144082
O015,171,1.08157,0.279259,O15_10uM,compound,15,O,0.988051,0.469533
O016,269,1.10452,0.29803,O16_10uM,compound,16,O,1.03545,0.717901
O017,242,0.991551,0.250384,O17_10uM,compound,17,O,0.802124,-0.504611
O018,301,1.09913,0.268736,O18_10uM,compound,18,O,1.02431,0.659532
O019,304,1.0383,0.270812,O19_10uM,compound,19,O,0.898682,0.00129448
O020,346,1.08282,0.266457,O20_10uM,compound,20,O,0.990627,0.483031
O021,206,1.01672,0.252977,O21_10uM,compound,21,O,0.854114,-0.232216
O022,239,1.05719,0.282704,O22_10uM,compound,22,O,0.937697,0.205707
O023,584,0.796935,0.202719,Cobimetinib_200nM,pos.erk,23,O,0.400162,-2.61065
O024,273,1.02089,0.288858,DMSO_1E-3,neg,24,O,0.862723,-0.187107
P001,296,1.0615,0.260354,P1_10uM,compound,1,P,0.946595,0.252331
P002,217,0.611747,0.201605,P2_10uM,compound,2,P,0.0176727,-4.61466
P003,317,0.987794,0.260435,P3_10uM,compound,3,P,0.794365,-0.545266
P004,372,0.775078,0.231795,P4_10uM,compound,4,P,0.355018,-2.84718
P005,258,1.08378,0.279817,P5_10uM,compound,5,P,0.992616,0.493454
P006,416,1.05968,0.254083,P6_10uM,compound,6,P,0.942835,0.232631
P007,332,1.08125,0.260845,P7_10uM,compound,7,P,0.98738,0.466019
P008,355,1.06964,0.296563,P8_10uM,compound,8,P,0.963414,0.340451
P009,355,1.02951,0.26751,P9_10uM,compound,9,P,0.880517,-0.0938806
P010,352,1.08648,0.277815,P10_10uM,compound,10,P,0.998181,0.522608
P011,253,0.986826,0.252201,P11_10uM,compound,11,P,0.792364,-0.555746
P012,334,1.01442,0.293622,P12_10uM,compound,12,P,0.849364,-0.2571
P013,325,0.853447,0.23196,P13_10uM,compound,13,P,0.516882,-1.99911
P014,398,1.07362,0.239789,P14_10uM,compound,14,P,0.971625,0.383474
P015,351,1.04895,0.290384,P15_10uM,compound,15,P,0.92068,0.116549
P016,400,1.06217,0.284193,P16_10uM,compound,16,P,0.947988,0.259629
P017,269,1.07168,0.274494,P17_10uM,compound,17,P,0.967618,0.362477
P018,319,0.97121,0.272529,P18_10uM,compound,18,P,0.760111,-0.724733
P019,227,0.872933,0.256728,P19_10uM,compound,19,P,0.55713,-1.78823
P020,291,1.07881,0.25702,P20_10uM,compound,20,P,0.982349,0.439659
P021,244,1.02898,0.268384,P21_10uM,compound,21,P,0.879438,-0.0995321
P022,317,1.06741,0.249072,P22_10uM,compound,22,P,0.958801,0.316283
P023,302,0.77492,0.193646,Cobimetinib_200nM,pos.erk,23,P,0.354692,-2.84888
P024,284,1.06034,0.265822,DMSO_1E-3,neg,24,P,0.944207,0.23982
